{
    "urls": [
      "audio/extra.ogg",
      "audio/extra.m4a",
      "audio/extra.mp3",
      "audio/extra.ac3"
    ],
    "sprite": {
      "Ambience1": [
        0,
        50625.30612244898
      ],
      "AnticipationB": [
        52000,
        7116.9160997732415
      ],
      "Bang0": [
        61000,
        3558.4580498866244
      ],
      "Bang10": [
        66000,
        4011.247165532879
      ],
      "Bang1": [
        72000,
        3570.06802721088
      ],
      "Bang2": [
        77000,
        3570.06802721088
      ],
      "Bang3": [
        82000,
        3570.06802721088
      ],
      "Bang4": [
        87000,
        3558.4580498866244
      ],
      "Bang5": [
        92000,
        3564.263038548759
      ],
      "Bang6": [
        97000,
        4022.8571428571486
      ],
      "Bang7": [
        103000,
        4022.8571428571486
      ],
      "Bang8": [
        109000,
        4022.8571428571486
      ],
      "Bang9": [
        115000,
        4011.247165532879
      ],
      "BigWin0": [
        121000,
        16074.01360544219
      ],
      "BigWin1": [
        139000,
        16085.623582766431
      ],
      "BigWin2": [
        157000,
        18094.149659863946
      ],
      "BigWin3": [
        177000,
        25094.965986394556
      ],
      "BigWin4": [
        204000,
        30087.256235827652
      ],
      "BigWin5": [
        236000,
        35555.55555555554
      ],
      "BonanzaFreeSpins": [
        273000,
        39032.74376417232
      ],
      "Cart123": [
        314000,
        609.5238095238074
      ],
      "CartMove": [
        316000,
        3738.4126984126738
      ],
      "Clacker1": [
        321000,
        388.93424036280067
      ],
      "Clacker2": [
        323000,
        435.37414965987864
      ],
      "Diamond": [
        325000,
        3349.478458049873
      ],
      "ExtraSpinDiamond": [
        330000,
        1770.5215419501314
      ],
      "FinalBang": [
        333000,
        3163.718820861675
      ],
      "GameOver": [
        338000,
        30238.18594104307
      ],
      "GetFeatureDrop": [
        370000,
        2525.170068027194
      ],
      "GetFeature": [
        374000,
        4080.9070294784533
      ],
      "InTheSlot": [
        380000,
        2281.360544217705
      ],
      "OneShot0": [
        384000,
        1851.791383219961
      ],
      "OneShot1": [
        387000,
        1399.0022675736782
      ],
      "OneShot2": [
        390000,
        481.81405895689977
      ],
      "OneShot3": [
        392000,
        1015.8730158730123
      ],
      "OneShot4": [
        395000,
        493.42403628116926
      ],
      "OneShot5": [
        397000,
        516.6439909297083
      ],
      "OneShot6": [
        399000,
        354.104308390049
      ],
      "OneShot7": [
        401000,
        597.9138321995379
      ],
      "OneShot8": [
        403000,
        2014.3310657596203
      ],
      "Spin0": [
        407000,
        14222.222222222228
      ],
      "Spin1": [
        423000,
        14222.222222222228
      ],
      "Spin2": [
        439000,
        14222.222222222228
      ],
      "Spin3": [
        455000,
        14222.222222222228
      ],
      "Spin4": [
        471000,
        14222.222222222228
      ],
      "Spin5": [
        487000,
        14222.222222222228
      ],
      "Spin6": [
        503000,
        14222.222222222172
      ],
      "StartSpin": [
        519000,
        5346.394557823146
      ],
      "Stop": [
        526000,
        400.54421768707016
      ],
      "UnderStakeWin0": [
        528000,
        2676.0997732426404
      ],
      "WheelSpin0": [
        532000,
        13339.863945578258
      ],
      "WheelSpin1": [
        547000,
        13339.863945578258
      ],
      "WheelSpin2": [
        562000,
        13339.863945578258
      ],
      "WheelSpin3": [
        577000,
        13339.863945578258
      ],
      "WheelStart": [
        592000,
        4835.555555555516
      ],
      "WheelWinner0": [
        598000,
        4568.526077097545
      ],
      "WheelWinner1": [
        604000,
        4568.526077097545
      ],
      "WheelWinner2": [
        610000,
        4568.526077097545
      ],
      "WheelWinner3": [
        616000,
        4568.526077097545
      ],
      "Win0": [
        622000,
        2676.0997732426404
      ],
      "Win1": [
        626000,
        4347.936507936538
      ],
      "Win2": [
        632000,
        4336.3265306122685
      ],
      "Win3": [
        638000,
        5021.315192743714
      ],
      "Win4": [
        645000,
        6356.4625850340235
      ],
      "Win5": [
        653000,
        8016.689342403652
      ]
    }
  }